{"cameraMode":{"drawMode":0,"name":"Shaded","section":"Shading Mode"},"sceneLighting":true,"audioPlay":false,"sceneViewState":{"m_AlwaysRefresh":false,"showFog":true,"showSkybox":true,"showFlares":true,"showImageEffects":true,"showParticleSystems":true,"showVisualEffectGraphs":true,"m_FxEnabled":true},"in2DMode":false,"pivot":{"x":13.793142318725586,"y":12.639717102050782,"z":-8.273604393005371},"rotation":{"x":0.3118763267993927,"y":-0.03561855107545853,"z":0.011700850911438465,"w":0.9493831992149353},"size":0.8660253882408142,"orthographic":false}